0,0,Energy Northwest
0,0,"Guardino, Leslie"
0,0,Chase & Herman International
0,0,Amer Board of Certified Interventionists
0,0,Committee for Study/American Electorate
0,0,"Ablondi, Foster et al"
0,0,"Lobetti, Georgia"
0,0,Heritage Action for America
0,0,"Gonzalez, Janice"
0,0,Eclat Consulting
0,0,Res Publica Advocacy
0,0,"Bifano, Joseph"
0,0,Reproductive Health Technologies Project
0,0,"Hitchcock, Cornish F"
0,0,"Shaw, Stephen F"
0,0,Medrad Inc
0,0,"Fay, Thomas Fortune"
0,0,Georgetown Group
0,0,"Jones, Thomas"
0,0,"Pagel, Keith R"
0,0,Apparel Partnership Coalition
0,0,"Anderson, Stanton D"
0,0,Nhp
0,0,LS Thomas Consultants
0,0,Anthony Group
0,0,SSM Health Care System
0,0,"Douris, Jennifer"
0,0,"Vankinscott, Hugh M"
0,0,RJ Mrazek & Co
0,0,Koteen & Naftalin
0,0,Share Your Soles
0,0,Scripps Howard Broadcasting
0,0,Republic New York Corp
0,0,Dillon Marine Consulting
0,0,"Fisk, Daniel W"
0,0,"Freitag, Douglas Ward"
0,0,Policy Communications Group
0,0,Endur Inc
0,0,"Saucier, Nancy"
0,0,"Bickford, Frank"
0,0,"Giroux, Robert"
0,0,Dynameos
0,0,"Schreim, Morris"
0,0,Crossroads Center
0,0,Business Government Solutions
0,0,"Wallace, Larry C"
0,0,"Edwards, Lindale"
0,0,Solutions Group
0,0,Wireless Location Industry Assn
0,0,Phoenix Consulting Group
0,0,Save Our Security Coalition
0,0,"Glaser, Howard"
0,0,Salina Bookshelf Inc
0,0,Waverly Group
0,0,"McCahill, Barry W"
0,0,Defense Materials Technology Center
0,0,"Slade, Jonathan"
0,0,Lench & Crisci
0,0,"Sills, Cummis et al"
0,0,Pioneer Strategies
0,0,"Ryan, Liz"
0,0,Palmer International
0,0,National Corp for Housing Partnerships
0,0,"Deconcini, Mcdonald et al"
0,0,Plateau Trails
0,0,"Cassidy, Thomas P Jr"
0,0,"Pena, Emil"
0,0,United Messaging
0,0,"Jarrard, James R"
0,0,"Griffin, Dick"
0,0,Jac Logistics
0,0,"Wagster, John S"
0,0,Bulfinch Co
0,0,"Bickley, Sharla"
0,0,"Johnson, Robert W II"
0,0,"Gayle, Michael D"
0,0,Savannah Foods & Industries
0,0,"Cifuentes, Alvaro C"
0,0,National Employee Benefits Institute
0,0,John R Ale & Assoc
0,0,National Cltn Against Child Sexual Abuse
0,0,"Schauer, Timothy"
0,0,Community Hospital Medical Educ Alliance
0,0,"Demyan, Jay"
0,0,"Cargas, James P"
0,0,"King, Edward L"
0,0,KC Parker & Assoc
0,0,Independent Physical Therapists of Amer
0,0,"Bach, William S"
0,0,"Gober, Hershel"
0,0,Univ of Hawaii School of Ocean/Earth Sci
0,0,"Taylor, John P"
0,0,"Strong, Jack B"
0,0,"Hessinger, Greg"
0,0,"Reyes, Jesus"
0,0,"Sullivan, Patricia"
0,0,"Doerr, Kathryn"
0,0,"Nelson, Hubert A"
0,0,"Corry, Robert J Jr"
0,0,"Kolling, Charles J Jr"
0,0,"Caldwell, Alan"
0,0,Florio Group
0,0,MIC International Trade Consulting
0,0,Allstates Design & Development
0,0,"Dnbar, Amy K"
0,0,"Cohen, Scott"
0,0,Marks & Assoc
0,0,"Defore, Ronald H"
0,0,"Christian, Shannon"
0,0,"Rossiter, Caleb S"
0,0,"Huddlesom, Edwin"
0,0,Placer Dome America
0,0,"Craig, William H Jr"
0,0,Bedford Stuyvesant Family Health Center
0,0,"Buzby, Meghan"
0,0,"Krebs, Rob"
0,0,David & Malito
0,0,Italiano & Partners
0,0,International Free Trade Assn
0,0,"Gonzalez, Emilio"
0,0,"Bender, Michael T"
0,0,Assn of Commercial Cryptographers
0,0,BK Strategies
0,0,MPR&B Assoc
0,0,Kuitwaard & Assoc
0,0,"Bornemann, Richard H"
0,0,Alaska Federal Consultants
0,0,Electronic Commerce Assn
0,0,Sitilides Group
0,0,Khan Partnership
0,0,"Johnson, Paula"
0,0,"Adkins, Maury"
0,0,Natl Alliance for Respnsbl Philanthropy
0,0,"Conley, Jeffrey B"
0,0,"Webster, Patti"
0,0,"Hart, J Steven"
0,0,"Thomson, Muraro et al"
0,0,Public Affairs Strategies Wisconsin
0,0,"Trujillo, Tony A Jr"
0,0,Carolina Commerce Strategies
0,0,WVC3 Inc
0,0,"Weightman, Donald"
0,0,Poliner & Luks
0,0,"Mossinghoff, Gerald J"
0,0,National Assn of Adult Businesses
0,0,Global Market Strategies
0,0,Atwood
0,0,Norman & Levin
0,0,Global Alerts
0,0,"Genasci, Matthew"
0,0,"Sommers, Todd"
0,0,Marine Corps Reserve Officers Assn
0,0,Stewart Agency
0,0,Liberian Intl Ship & Corporate Registry
0,0,"Wood, Maines & Brown"
0,0,"Anderson, John A"
0,0,Campaign for the American Family
0,0,"Veren, Merlyn Wesley"
0,0,Wessel & Assoc
0,0,"Glasco, Kevin"
0,0,"Quinlan, Andrew F"
0,0,Law Offices of James L Bayless Jr
0,0,"Powell, Elizabeth"
0,0,Gmavz
0,0,Jas Merritt Enterprises
0,0,"Freeman, Lewis"
0,0,"Brodbeck, Josh"
0,0,"Ortiz, Junior"
0,0,"Benson, Nathaniel"
0,0,"Rubinstein, Joel"
0,0,WorldCom Advanced Networks
0,0,"Matute, Mario"
0,0,"Tirrell, Julie Hardin"
0,0,Wbc Global
0,0,Walcott Group
0,0,Medical Society of Wisconsin
0,0,"Motherway, Megan L"
0,0,"Bennett, Anthony G"
0,0,"Heckerman, Jerry"
0,0,Volvo Technology of America
0,0,"Vilsack, Thomas"
0,0,"Cottone, Mello"
0,0,"Wiles, Lanny"
0,0,"Kohn, Janet"
0,0,Knight Bayes & Co
0,0,"Grace, Mark"
0,0,"Parsans, Lisa J"
0,0,"Nichols, Gerald R"
0,0,CZ Assoc
0,0,"Moorhead, Carlos John"
0,0,"Jones, Melvin"
0,0,"Chrupcala, Dorthea"
0,0,"Snyder, John M"
0,0,Center for Conservative Policy
0,0,"Hill, Matthew J"
0,0,"Nagel, Hadley"
0,0,"Francis, Karl E"
0,0,Global Connect
0,0,Harrison Robert C
0,0,"Grotefend, Michael Lee"
0,0,Solutions Worldwide
0,0,Law Firm of Larson-Jackson
0,0,"O'Neil, Jeffery"
0,0,"Strandlie, Julie M"
0,0,"Rubin, Winston et al"
0,0,Nutrition 21
0,0,"Smitherman, Louis Don"
0,0,BetzDearborn Inc
0,0,Interactive Media Ent & Gaming Assn
0,0,"Tuft, Markham D"
0,0,Interstate Power
0,0,"Hamer, Glenn"
0,0,Mitsubishi Motors R&D America
0,0,Wildfire Protection Systems
0,0,"Stephens, Fetzer"
0,0,"Bible, Haney et al"
0,0,United Investors Forum Inc
0,0,"Kakasuleff, Jennifer"
0,0,"Sommerfeld, Robert J"
0,0,"Cors, Thomas A"
0,0,Keys Lobbying & Consulting Firm
0,0,Demosthenes
0,0,Chicoine & Hallett
0,0,"Soderstrom, Thomas Lee"
0,0,Republic Steel Salaried Retirees Assoc
0,0,Global Green Holdings
0,0,"Pinto, Rui"
0,0,"Barnes, Richard L"
0,0,North Coast Strategies
0,0,"Williams, JD"
0,0,North Central Associated Milk Producers
0,0,"Carmen, Guzman & Lowrey"
0,0,Pathfinder Group
0,0,Rayovac Corp
0,0,Anlyn Group
0,0,"Flatley, Maureen K"
0,0,Housing Partners
0,0,Rth Consulting
0,0,"Kulik, John V"
0,0,"Bagwell, John W"
0,0,"Goodman, Laurie D"
0,0,"Biery, Gretchen"
0,0,Public Sector Consulting Group
0,0,"Gilgore, Lance S"
0,0,NEK Advanced Securities Group
0,0,Capstone Group NCH
0,0,"Anderson, JL"
0,0,National Assn of Hosiery Manufacturers
0,0,Center for Natl Security Research & Educ
0,0,"Manelli, Daniel J"
0,0,"Fitzsimmons, Richard S"
0,0,Bloomfield Assoc
0,0,State Capitals Organized/Protect America
0,0,"Stewart, Shelly S"
0,0,"Joseph, Gabriel S III"
0,0,"Kwong, David W"
0,0,"Smith, Timothy"
0,0,Portable Power Equipment Mfrs Assn
0,0,Natl Hospice & Palliative Care Assn Iowa
0,0,Advocatus
0,0,Railroad Avenue Concerned Citizens Org
0,0,Vandervort Hill & Gosdeck
0,0,Plumbing Manufacturers Institute
0,0,Turi Defense Group
0,0,Alaska Communications Systems
0,0,"Darling, Brian"
0,0,RF Global Capital
0,0,"Winston, Chriss"
0,0,"Buttram, Jack E"
0,0,Power Assoc
0,0,"Harrison, Gail"
0,0,Laurie Rains Strategies
0,0,Cornerstone Technologies
0,0,Subert-Gregory
0,0,"Strayer, John W"
0,0,"Logsdon, David"
0,0,Webster-Hoff
0,0,Integrated Electrical Services
0,0,"Demasters, Darnell K"
0,0,Intl Utility Efficiency Partnerships
0,0,"Guilford, Samuel E Jr"
0,0,Edelman Public Relations
0,0,Capitol Steps Consulting
0,0,"Marschner, Jeffrey"
0,0,Turman Group
0,0,Alexandria Energy Assoc
0,0,Tucson Utility Contractors Assn
0,0,Stateside Assoc
0,0,"Grillo, Fernando E"
0,0,"Thorne, William R Jr"
0,0,"Robertson, Grosswiler & Co"
0,0,"Dirienzo, Michael"
0,0,"Meche, Myron"
0,0,Wales Union
0,0,Natl Declaration Domestic Violence Order
0,0,Government Technology Services Inc
0,0,"Bacon, Nancy"
0,0,African Partners for Peace & Development
0,0,"Townsend, Wardell C"
0,0,"Paranzino, Michael"
0,0,"Blair, Kenneth III"
0,0,"Coleman, Monica"
0,0,Creative Communications
0,0,Zephyr Group
0,0,"Zigman, Joseph & Stephenson"
0,0,"Spoede, David"
0,0,E*TRADE Group
0,0,"Ginsburg, Feldman & Bress"
0,0,Prodigy Communications
0,0,"Stephenson, Gregory L"
0,0,"Boyce, Sam Harvey"
0,0,Southfive Strategies
0,0,Cuestamar Assoc
0,0,Thomas & Assoc
0,0,"Keefe, Thomas Patrick Jr"
0,0,Standard Missile Co
0,0,Structural Composites
0,0,Kurland Assoc
0,0,Lerman Senter PLLC
0,0,Glass Packaging Institute
0,0,"Wood, Lloyd E Ill"
0,0,"Elias, Barney"
0,0,"Bell, Winston Everett"
0,0,Lavin & Waldon
0,0,AFL-CIO Industrial Union Dept
0,0,Women In Cable Telecommunications
0,0,Canadian Bankers Assn
0,0,SETTLE & ASSOC
0,0,ESCO Group
0,0,"Sigmon, John Wilson"
0,0,National Assn of Arab Americans
0,0,Grassroots Impact Inc
0,0,Wilhelm & Conlon Public Strategies
0,0,Bates Assoc
0,0,"Newberry, Hargrove & Rambicure"
0,0,Rolf Communications
0,0,"West, Angela"
0,0,"Blanchfield, Cordle & Moore"
0,0,"Belem, Gary"
0,0,"Hofman, Steven"
0,0,Worth Assoc
0,0,Future Pipe Industries
0,0,Brenda Arnett & Assoc
0,0,"Dimarco, Gerald D"
0,0,National Art Materials Trade Assn
0,0,"Kutner, Julie"
0,0,"Holt, Terry"
0,0,SR Wojdak & Assoc
0,0,"Covington, Dana Bruce Mr"
0,0,"Paul, Jerry"
0,0,First International
0,0,"Levin, Matthew N"
0,0,"Van Kirk, Burkett"
0,0,First Priority
0,0,JTT Assoc
0,0,American Medical Student Assn
0,0,Deka Research & Development
0,0,Student Voice
0,0,Paul J Cooper Center for Human Services
0,0,"Stroup, R Keith"
0,0,"Fox, Albert A Jr"
0,0,Polling Co
0,0,EWyatt Consulting
0,0,NEC USA
0,0,Compassrose International
0,0,Dellinger & Co
0,0,Silverstein & Mullens
0,0,Intercontinental Energy Corp
0,0,Carmichael Lynch Spong
0,0,Allen Consulting Group
0,0,Strategic Horizons Advisors
0,0,fifthbranch.com
0,0,Lyons Global Advisors
0,0,"Eurton, John"
0,0,"Barrow, Michael"
0,0,"Valier, Frank M"
0,0,Elcousia
0,0,"Lagasca, Jennifer"
0,0,"Martinez, Michael"
0,0,Little Falls Assoc
0,0,Solutions North America
0,0,Policy Action Ltd
0,0,"Chilo, Christian"
0,0,"Gibson, Stephen R"
0,0,"Herrera, Long & Pound"
0,0,Bell Pottinger Group
0,0,"Castiglia, Annamaria Dvm"
0,0,Central Nebraska Public Power/Irgtn Dist
0,0,Venis Group
0,0,Daimler-Benz Washington
0,0,"Atalay, Aydin"
0,0,National Assn of Insurance Brokers
0,0,Assn of Clinical Research Professionals
0,0,Sunlight Network
0,0,"Prusa, Thomas"
0,0,Interface Inc
0,0,Expert Medical Transcription
0,0,Copyright Group
0,0,WI Pogue & Assoc Contractors
0,0,"Kelly, Gill et al"
0,0,Lisboa Assoc
0,0,Serafin & Assoc
0,0,"Chong, Samantha"
0,0,"Kefer, Jennifer"
0,0,"Hill, Wanda"
0,0,Fuji Bank
0,0,Creative Procurement & Consulting
0,0,"Dawkins, Keith P"
0,0,"Lindley, Jonathan"
0,0,Russin & Vecchi
0,0,"Gibbs, Marc R"
0,0,"Vaughan, G Dennis"
0,0,"Yatch, Lawrence J"
0,0,"Hester, Robert Eugene"
0,0,Judy Jaussi & Assoc
